6,"60017 L $$aHales, Stephen$$d1677-1761$$2resource", (DE-588)100157483
7,"60017 L $$aCondillac, Etienne Bonnot de$$d1714-1780$$2resource", (DE-588)118521756
3,"60017 L $$aAepinus, Franz Ulrich Theodor$$d1724-1802$$2resource",(DE-588)100006132
2,"60017 L $$aBazin, Gilles Auguste$$d-1754$$2resource",(DE-588)100029728
3,"60017 L $$aButini, Jean Antoine$$d1723-1810$$2resource",(DE-588)100066151
1,"60017 L $$aCanepari, Pietro Maria$$dca. Ende 16. Jh./Anfang 17. Jh.$$2resource",(DE-588)100068995
1,"60017 L $$aKappeler, Moritz Anton$$d1685-1769$$2resource",(DE-588)100072011
1,60007 L $$aCaylus$$cComte de$$d1692-1765$$2resource,(DE-588)100076262
1,"60017 L $$aChaulieu, Guillaume Amfrye de$$d1639-1720$$2resource",(DE-588)10007894X
1,"60017 L $$aCoste, Pierre$$d1697-1751$$2resource",(DE-588)100093000
7,"60017 L $$aCrousaz, Jean Pierre de$$d1663-1750$$2resource",(DE-588)100097413
2,"7001  L $$aCrousaz, Jean Pierre de$$d1663-1750$$eAdressat$$4rcp",(DE-588)100097413
2,"60017 L $$aGrammatici, Nicasius$$d1684-1736$$2resource",(DE-588)100108296
1,"60017 L $$aEisenmann, Georg Heinrich$$d1693-1768$$2resource",(DE-588)100120539
2,"60017 L $$aLémery, Nicolas$$d1645-1715$$2resource",(DE-588)100121497
2,"60017 L $$aFrisi, Paolo$$d1728-1784$$2resource",(DE-588)10012822X
1,"1001  L $$aFrisi, Paolo$$d1728-1784$$eAutor$$4aut",(DE-588)10012822X
1,"60017 L $$aGolicin, Dmitrij Alekseevi$$cFürst$$d1734-1803$$2resource",(DE-588)100138764
1,"60017 L $$aGresset, Jean Baptiste Louis$$d1709-1777$$2resource",(DE-588)100143172
1,"60017 L $$aHardion, Jacques$$d1686-1766$$2resource",(DE-588)100159591
1,"60017 L $$aHennert, Johann Friedrich$$d1733-1813$$2resource",(DE-588)100162703
2,"60017 L $$aLaet, Jan de$$d?-1649$$2resource",(DE-588)100171249
2,"60017 L $$aLeseur, Thomas$$d1703-1770$$2resource",(DE-588)100185258
2,"60017 L $$aRuchat, Abraham$$d1680-1750$$2resource",(DE-588)100212786
10,"60017 L $$aRobins, Benjamin$$d1707-1751$$2resource",(DE-588)100252419
3,"60017 L $$aSolignac, Pierre Joseph de la Pimpie$$cChevalier de$$d1687-1773$$2resource",(DE-588)100273327
1,"1001  L $$aSolignac, Pierre Joseph de la Pimpie$$cChevalier de$$d1687-1773$$eAutor$$4aut",(DE-588)100273327
6,"60017 L $$aSturm, Johann Christoph$$d1635-1703$$2resource",(DE-588)100277608
2,"7001  L $$aSturm, Johann Christoph$$d1635-1703$$eAdressat$$4rcp",(DE-588)100277608
1,"1001  L $$aSturm, Johann Christoph$$d1635-1703$$eAutor$$4aut",(DE-588)100277608
39,"60017 L $$aJallabert, Jean$$d1712-1768$$2resource",(DE-588)100289665
28,"7001  L $$aJallabert, Jean$$d1712-1768$$eAdressat$$4rcp",(DE-588)100289665
12,"1001  L $$aJallabert, Jean$$d1712-1768$$eAutor$$4aut",(DE-588)100289665
2,"60017 L $$aHeinius, Johann Philipp$$d1688-1775$$2resource",(DE-588)100290701
1,60007 L $$aEugen$$cErzbischof von Slavensk? und Cherson$$d1716-1806$$2resource,(DE-588)10043651X
1,"60017 L $$aChamberlayne, John$$d1666-1723$$2resource",(DE-588)100460771
15,"60017 L $$aTressan, Louis Elisabeth de la Vergne$$cComte de$$d1705-1783$$2resource",(DE-588)100648940
11,"1001  L $$aTressan, Louis Elisabeth de la Vergne$$cComte de$$d1705-1783$$eAutor$$4aut",(DE-588)100648940
5,"7001  L $$aTressan, Louis Elisabeth de la Vergne$$cComte de$$d1705-1783$$eAdressat$$4rcp",(DE-588)100648940
1,"1001  L $$aTressan, Louis Elisabeth de la Vergne, Comte de$$d1705-1783$$eAutor$$4aut",(DE-588)100648940
7,"60017 L $$aTrevisano, Bernardo$$d1652-1720$$2resource",(DE-588)100656862
2,"60017 L $$aViviani, Vincenzo$$d1622-1703$$2resource",(DE-588)100673287
10,"60017 L $$aThurneysen, Emanuel$$d1687-1739$$2resource",(DE-588)10068534X
10,"60017 L $$aWiedeburg, Johann Bernhard$$d1687-1766$$2resource",(DE-588)100697771
4,"60017 L $$aWettstein, Johann Jakob$$d1693-1754$$2resource",(DE-588)100704492
9,"60017 L $$aWettstein, Johann Rudolf$$d1647-1711$$2resource",(DE-588)100704514
2,"60017 L $$aVoisenon, Claude Henri de Fusée$$d1708-1775$$2resource",(DE-588)100795617
4,"60017 L $$aBibiena, Jean Galli de$$d1709-1779$$2resource",(DE-588)100797067
2,"1001  L $$aBibiena, Jean Galli de$$d1709-1779$$eAutor$$4aut",(DE-588)100797067
4,"60017 L $$aSimpson, Thomas$$d1710-1761$$2resource",(DE-588)10081123X
2,"60017 L $$aKraus, Johann Ulrich$$d1645-1719$$2resource",(DE-588)100811833
2,"60017 L $$aCamas, Paul Heinrich Tilio von$$d1688-1741$$2resource",(DE-588)100864201
21,"60017 L $$aMaty, Matthew$$d1718-1776$$2resource",(DE-588)10103024X
2,"60017 L $$aFizes, Antoine$$d1690-1765$$2resource",(DE-588)1011871211
1,"60017 L $$aBianchi, Giovanni Battista$$d1681-1761$$2resource",(DE-588)1013413822
1,"60017 L $$aHulsius, Paul$$d1653-1712$$2resource",(DE-588)1013720458
18,"60017 L $$aBasler, Jakob$$d1725-1795$$2resource",(DE-588)1014027802
1,"1001  L $$aBasler, Jacob$$d1725-1795$$eAutor$$4aut",(DE-588)1014027802
3,"1001  L $$aBasler, Jakob$$d1725-1795$$eAutor$$4aut",(DE-588)1014027802
1,"60017 L $$aDale, Samuel$$d1659-1739$$2resource",(DE-588)101484522X
7,"60017 L $$aBruckner, Isaac$$d1686-1762$$2resource",(DE-588)101580665
37,"60017 L $$aPassavant, Daniel$$d1722-1799$$2resource",(DE-588)1015904726
4,"1001  L $$aPassavant, Daniel$$d1722-1799$$eAutor$$4aut",(DE-588)1015904726
17,"60017 L $$aEglinger, Christoph$$d1686-1733$$2resource",(DE-588)1016188056
4,"60017 L $$aCulpeper, Edmund$$cHersteller von Mikroskopen in Moorfield, England$$d1660-1738$$2resource",(DE-588)1017119872
2,"60017 L $$aDitton, Humphrey$$d1675-1715$$2resource",(DE-588)1017730709
2,"60017 L $$aSchafirov, Petr$$cBaron$$d1669-1739$$2resource",(DE-588)1019751282
1,"60017 L $$aGrasset, François$$d1722-1789$$2resource",(DE-588)1020070994
1,"1001  L $$aChambrier d'Oleyres, Jean-Pierre$$d1753-1822$$eAutor$$4aut",(DE-588)1020323361
54,"60017 L $$aRenau d'Eliçagaray, Bernard$$d1652-1719$$2resource",(DE-588)102079056
1,"60017 L $$aGerbier, Pierre Jean Baptiste$$d1725-1788$$2resource",(DE-588)1024266508
4,"60017 L $$aCogrossi, Carlo Francesco$$cProf. in Padua seit 1721$$2resource",(DE-588)102447322
2,"60017 L $$aDivisch, Procopius$$d1696-1765$$2resource",(DE-588)102461759
1,"60017 L $$aDesplaces, Philippe$$d1659-1736$$2resource",(DE-588)102465738
2,"60017 L $$aJetzler, Christoph$$d1734-1791$$2resource",(DE-588)102522855
8,"60017 L $$aJouvenet, Jean$$d1647-1717$$2resource",(DE-588)102524475
4,"60017 L $$aGrischow, Augustin Nathanael$$d1726-1760$$2resource",(DE-588)102620776
2,"60017 L $$aRast, Georg Heinrich$$d1695-1726$$2resource",(DE-588)102792976
4,"60017 L $$aRivaz, Pierre Joseph$$d1711-1772$$2resource",(DE-588)1029439508
6,"60017 L $$aBianchi, Vendramin Iseppo$$d1666-?$$2resource",(DE-588)1029469601
2,"60017 L $$aMünnich, Burchard Christoph$$d1683-1767$$2resource",(DE-588)103148272
9,"1001  L $$aWeiss, Andreas$$d1713-1792$$eAutor$$4aut",(DE-588)103159347
9,"60017 L $$aWeiss, Andreas$$d1713-1792$$2resource",(DE-588)103159347
4,"60017 L $$aTrudaine, Daniel Charles$$d1703-1769$$2resource",(DE-588)1033090131
1,"1001  L $$aBrosseau, Christophe$$d?-1717$$eAutor$$4aut",(DE-588)103466364X
11,"60017 L $$aBattier, Reinhard$$d1724-1779$$2resource",(DE-588)1035421844
2,"60017 L $$aDomasnev, Sergej Gerasimovic$$d1743-1795$$2resource",(DE-588)1036373215
10,60007 L $$aDulsecker$$cBuchhändler in Strassburg$$2resource,(DE-588)1037505107
4,"60017 L $$aKönig, Johann Georg$$d1659-1722$$2resource",(DE-588)1037516133
3,"60017 L $$aBrandmüller, Johann$$d1678-1741$$2resource",(DE-588)1037542061
1,"1001  L $$aBruyset, Jean-Marie$$bI$$d1719-1793$$eAutor$$4aut",(DE-588)1037563018
1,"7001  L $$aBruyset, Jean-Marie$$bII$$d1744-1817$$eAutor$$4aut",(DE-588)1037587936
6,"60017 L $$aThurneysen, Johann Rudolf$$d1688-1755$$2resource",(DE-588)1037631595
4,"60017 L $$aBischoff, Johann Jacob$$cBuchhändler in Basel$$2resource",(DE-588)1037638417
2,"60017 L $$aViali, Felice$$d1637-1722$$2resource",(DE-588)104058412
1,"60017 L $$aFagon, Guy Crescent$$d1638-1718$$2resource",(DE-588)10407180X
1,"60017 L $$aFrey, Johann Jakob$$d1636-1720$$2resource",(DE-588)104074523
2,"7001  L $$aMieg, Johann Rudolf$$d1694-1733$$eAdressat$$4rcp",(DE-588)104138556
3,"60017 L $$aMüller, Johann Heinrich$$d1671-1731$$2resource",(DE-588)104158255
3,60007 L $$aSerrurier$$cProfessor in Utrecht$$2resource,(DE-588)1041602804
2,"60017 L $$aWoolhouse, John Thomas$$d1666-1734$$2resource",(DE-588)104179619
1,"60017 L $$aHamberger, Georg Albrecht$$d1662-1716$$2resource",(DE-588)104208864
3,"60017 L $$aOsterwald, Jean Rodolphe$$d1687-1763$$2resource",(DE-588)104243236
1,"60017 L $$aLa Chambre, Cureau de$$d1594-1669$$2resource",(DE-588)104245999
1,"60017 L $$aCrequi, Louis-Marie, Marquis de$$d1705-1741$$2resource",(DE-588)104255498
27,"60017 L $$aMorgagni, Giovanni Battista$$d1682-1771$$2resource",(DE-588)104265264
4,"60017 L $$aLa Motte, Antoine Houdar de$$d1672-1731$$2resource",(DE-588)104270632
2,"60017 L $$aCalandrini, Giovanni Ludovico$$d1703-1758$$2resource",(DE-588)10427252X
1,"60017 L $$aGautier, Jean Antoine$$d1674-1729$$2resource",(DE-588)104272538
1,"60017 L $$aContades, Louis Georges Erasme$$cmarquis de$$d1704-1793$$2resource",(DE-588)104297948
9,"60017 L $$aJombert, Charles Antoine$$d1712-1784$$2resource",(DE-588)104326050
2,"60017 L $$aPrintzen, Marquard Ludwig$$cFreiherr von$$d1675-1725$$2resource",(DE-588)104336641
1,"60017 L $$aBréquigny, Louis George Oudard Feudrix de$$d1716-1795$$2resource",(DE-588)104345543
2,"60017 L $$aHanov, Michael Christoph$$d1695-1773$$2resource",(DE-588)104356294
3,"60017 L $$aDuhalde, Jean Baptiste$$d1674-1743$$2resource",(DE-588)104363665
15,"60017 L $$aMoula, Frédéric$$d1703-1782$$2resource",(DE-588)1046082612
10,"1001  L $$aMoula, Frédéric$$d1703-1782$$eAutor$$4aut",(DE-588)1046082612
1,"7001  L $$aMoula, Frédéric$$d1703-1782$$eAdressat$$4rcp",(DE-588)1046082612
7,"1001  L $$aClavel de Brenles, Jacques Abram Elie Daniel$$eAutor$$4aut",(DE-588)1048572293
7,"60017 L $$aClavel de Brenles, Jacques Abram Elie Daniel$$2resource",(DE-588)1048572293
23,"60017 L $$aHermann, German$$d1648-1729$$2resource",(DE-588)1048628825
5,"1001  L $$aHermann, German$$d1648-1729$$eAutor$$4aut",(DE-588)1048628825
3,"60017 L $$aMenschikoff, Alexander Danilowitsch$$cFürst$$d1673-1729$$2resource",(DE-588)1050550099
4,"1001  L $$aRisler, Jakob$$dca. 1730-1770$$eAutor$$4aut",(DE-588)1051474922
3,"60017 L $$aRisler, Jakob$$dca. 1730-1770$$2resource",(DE-588)1051474922
2,"60017 L $$aLieutaud, Jacques$$d1660-1733$$2resource",(DE-588)1052679315
1,"60017 L $$aChaunes, Marie Joseph Louis d'Albert d'Ailly$$d1741-1793$$2resource",(DE-588)1055090339
2,"60007 L $$aGuisnée$$cIngénieur du roi, Mitglied der Pariser Akademie$$d?-1718$$2resource",(DE-588)105511176X
4,"60017 L $$aWolleb, Daniel$$d1692-1763$$2resource",(DE-588)1055118640
6,"60017 L $$aBonac, Jean Louis d'Usson$$cMarquis de$$d1672-1738$$2resource",(DE-588)1055276238
23,"60017 L $$aKeill, Jacob$$d1673-1719$$2resource",(DE-588)1055365613
4,"60017 L $$aKeill, James$$d1673-1719$$2resource",(DE-588)1055365613
1,"60017 L $$aLa Popelinière, Alexandre Jean Joseph le Riche de$$d1692-1762$$2resource",(DE-588)1055515526
2,"60017 L $$aBignon, Armand Jérôme$$d1711-1772$$2resource",(DE-588)1055529764
1,"60017 L $$aBrémond, François de$$d1713-1742$$2resource",(DE-588)1055543856
3,"60017 L $$aWettstein, Johann Rudolf$$d1663-1737$$2resource",(DE-588)1055606939
1,"60017 L $$aBurgos, Alessandro$$d1666-1726$$2resource",(DE-588)1055630597
1,"60017 L $$aFatio, Johann Rudolf$$d1719-1781$$2resource",(DE-588)1056085967
2,"1001  L $$aValltravers, Rodolphe de$$eAutor$$4aut",(DE-588)1059124408
2,"60017 L $$aFoucault, Nicolas Joseph$$d1643-1721$$2resource",(DE-588)1059654024
2,"60017 L $$aGarcin, Laurent$$d1683-1751$$2resource",(DE-588)1059729717
1,"60017 L $$aEllicott, John$$d1706-1772$$2resource",(DE-588)1060927896
23,"60017 L $$aAvaray, Claude Theophile de Béziade$$cMarquis d'$$d1655-1745$$2resource",(DE-588)1069190926
1,"60017 L $$aJallabert, Etienne$$d1658-1723$$2resource",(DE-588)1069359920
4,"60017 L $$aStehelin, Johann Rudolf$$d1724-1800$$2resource",(DE-588)1069604585
3,"60017 L $$aThurneysen, Etienne$$d1715-1763$$2resource",(DE-588)1069604690
1,"60017 L $$aGorgier, Jean Henri Andrié$$cBaron de$$d1729-1788$$2resource",(DE-588)1072430797
2,"60017 L $$aBodmer, Hans Heinrich$$d1669-1743$$2resource",(DE-588)1072490110
7,"60017 L $$aFalkner, Emanuel$$d1674-1760$$2resource",(DE-588)1074070976
1,"60017 L $$aHarder, Niklaus$$d1651-1730$$2resource",(DE-588)107419814X
3,60007 L $$aKameke$$cSchwester von Alexander Graf Golovkin$$2resource,(DE-588)1075862159
2,"60017 L $$aZäslin, Johann Heinrich$$d1697-1752$$2resource",(DE-588)1076298087
2,"60017 L $$aErlach, Abraham$$d1716-1782 ?$$2resource",(DE-588)1076840027
1,"60017 L $$aBogdan, Martin$$d-1731$$2resource",(DE-588)1079998438
1,"60017 L $$aVerdelhan, Daniel$$d1714-1773$$2resource",(DE-588)1082260436
2,"60017 L $$aButterfield, Michael$$cMechanicus, Ingénieur du Roi$$d1635-1726$$2resource",(DE-588)108239873X
1,"60017 L $$aDurfort, Emmanuel Félicité de$$d1715-1789$$2resource",(DE-588)108278611X
5,"60017 L $$aOldenburg, Heinrich$$dca. 1626-1678$$2resource",(DE-588)1089110405
1,"60017 L $$aBeauvau, Charles Juste Prince de$$d1720-1793$$2resource",(DE-588)1089216416
10,"60017 L $$aFagnano, Giulio Carlo de'$$d1682-1766$$2resource",(DE-588)1089274971
3,"1001  L $$aFagnano, Giulio Carlo de'$$d1682-1766$$eAutor$$4aut",(DE-588)1089274971
16,"60017 L $$aMazières, Jean Simon$$d1679-1761$$2resource",(DE-588)1089421028
3,"60017 L $$aBurckhardt, Hieronymus$$d1680-1737$$2resource",(DE-588)1089446802
1,"60017 L $$aHottinger, Hans Jakob$$d1681-1731$$2resource",(DE-588)1089564082
1,"60017 L $$aGossweiler, Heinrich$$d1688-1743$$2resource",(DE-588)1089568711
1,"60017 L $$aGauger, Nicolas$$d1680-1730$$2resource",(DE-588)1089591470
2,"60017 L $$aPuisieux, Roger Brulart de Sillery$$cMarquis de$$2resource",(DE-588)1089593910
10,"60017 L $$aZenobio, Carlo$$cConte$$2resource",(DE-588)1089631200
6,"60017 L $$aBurckhardt, Johannes$$d1691-1743$$2resource",(DE-588)1089632444
1,"60017 L $$aHarder, Christoph$$d1686-1748$$2resource",(DE-588)1089647115
3,"60017 L $$aBeaufort, de$$cAcadémicien$$d?-1728$$2resource",(DE-588)1089647484
3,"60017 L $$aHuber, Johann Jakob$$d1662-1717$$2resource",(DE-588)1089801718
3,"60017 L $$aFalkeysen, Theodor I$$d1686-1762$$2resource",(DE-588)1089804180
2,"60017 L $$aEglinger, Johann Heinrich$$d1726-1802$$2resource",(DE-588)1089807236
1,"1001  L $$aGrynaeus, Samuel$$d1655-1706$$eAutor$$4aut",(DE-588)1089820453
2,"60017 L $$aTonjola, Johannes$$d1664-1746$$2resource",(DE-588)1089870078
1,"60017 L $$aHerport, Johann Philipp$$d1700-1764$$2resource",(DE-588)1089876122
1,"60017 L $$aBuxtorf, Johann Rudolf$$d1747-1831$$2resource",(DE-588)1089876661
2,"7001  L $$aBernoulli, Niklaus$$d1623-1708$$eAdressat$$4rcp",(DE-588)1089913281
1,"60017 L $$aBernoulli-Falkner, Dorothea$$d1673-1764$$2resource",(DE-588)108991332X
3,"60017 L $$aRuzzini, Carlo$$2resource",(DE-588)1089924410
2,"60017 L $$aCramer, Jean$$d1701-1787$$2resource",(DE-588)1090088531
6,"60017 L $$aRiva, Ludovico$$d1698-1746$$2resource",(DE-588)109091766X
2,"60017 L $$aBrevern, Karl von$$d1704-1744$$2resource",(DE-588)1099469201
9,"60017 L $$aOrtmann, Jeremias$$d1702-1784$$2resource",(DE-588)1101483857
2,"60017 L $$aBernoulli, Ursula$$d1723-1795$$2resource",(DE-588)1117116042
2,"60017 L $$aCornaro, Giorgio$$d1658-1722$$2resource",(DE-588)1121707580
1,"60017 L $$aCornaro,Giorgo$$d1658-1722$$2resource",(DE-588)1121707580
10,"60017 L $$aFalkner, Daniel$$d1646-1711$$2resource",(DE-588)1123089604
1,"7001  L $$aFalkner, Daniel$$d1666-ca. 1744$$eAdressat$$4rcp",(DE-588)1123089604
3,"60017 L $$aTrionfetti, Lelio$$d1647-1722$$2resource",(DE-588)1127891820
28,"60017 L $$aRaillard, Jeremias$$d1691-1744$$2resource",(DE-588)1132220874
4,"7001  L $$aRaillard, Jeremias$$d1691-1744$$eAdressat$$4rcp",(DE-588)1132220874
2,"60017 L $$aBeckel, Bernhard$$2resource",(DE-588)1133586279
2,"60017 L $$aBekel, Bernhard$$2resource",(DE-588)1133586279
4,"60017 L $$aRochefort, Antoine Emmanuel Rosset de$$d1703-1798$$2resource",(DE-588)1136401067
2,"60017 L $$aMangold, Matthias$$d1650-1719$$2resource",(DE-588)1136737391
3,"60017 L $$aLe Hoc, Louis Pierre$$d?-1769$$2resource",(DE-588)1139979485
1,"60017 L $$aFalkner, Emanuel$$d1718-1739$$2resource",(DE-588)1140037382
22,"60017 L $$aArnold, John$$dca. 1688-17uu$$2resource",(DE-588)1141832453
3,"60017 L $$aRippel, Niklaus$$d1674-1755$$2resource",(DE-588)1143548345
1,"60017 L $$aLa Rochefoucauld, Frédéric Jérôme de Roye de$$d1701-1757$$2resource",(DE-588)1146058926
2,"60017 L $$aBuxtorf, Johann Ludwig$$d1736-1804$$2resource",(DE-588)1147515077
1,"1001  L $$aFäh, Georg Meinrad$$d1658-1706$$eAutor$$4aut",(DE-588)1147908516
4,"60017 L $$aDu Bos-Moreau, Marie$$cSchwester von Pierre Louis Moreau de Maupertuis?$$2resource",(DE-588)1151669776
21,"60017 L $$aAvaray, Catherine Angélique Foucault$$cMarquise d'$$d1662-1728$$2resource",(DE-588)1151672297
1,"60017 L $$aFaesch, Lukas$$d1690-1750$$2resource",(DE-588)1151974722
8,"60017 L $$aBorromeo, Alessandro$$d1625-1708$$2resource",(DE-588)1152039059
1,"60017 L $$aBonis, Alexandros$$d1672-1718$$2resource",(DE-588)1152041665
2,60007 L $$aBonne$$cMarquise de$$d?-1730$$2resource,(DE-588)1152043242
2,"60007 L $$aLect, Esther-Elisabeth$$cMarquise de Bonne$$d1651-1730$$2resource",(DE-588)1152043242
1,60007 L $$aDe Bary$$caus Genf$$2resource,(DE-588)1152350196
6,60007 L $$aBattier$$2resource,(DE-588)115235079X
1,60007 L $$aBattier$$cTochter von Johann Jakob Battier$$2resource,(DE-588)115235079X
2,"60017 L $$aBavier, Johann Ulrich$$d1669-1749$$2resource",(DE-588)1152351001
2,"60017 L $$aBavier, Rudolf$$d1689-1743$$2resource",(DE-588)1152351796
1,"60017 L $$aFitz-James, Charles$$d1712-1787$$2resource",(DE-588)1153033259
3,"60017 L $$aRamspeck, Jakob Christoph$$d1685-1767$$2resource",(DE-588)115343380X
3,"60017 L $$aBergh, Johannes van den$$d1664-1755$$2resource",(DE-588)1153512491
1,"1001  L $$aHammer-Bernoulli, Anna Katharina$$d1698-1780$$eAutor$$4aut",(DE-588)1153514060
6,"60017 L $$aBernoulli, Franz$$d1705-1777$$2resource",(DE-588)1153515857
2,"60017 L $$aArgelato, Ambrogio$$cBuchhändler in Bologna$$2resource",(DE-588)1153517388
4,"60017 L $$aSchweighauser, Johannes$$d1673-1761$$2resource",(DE-588)1153517639
31,60007 L $$aBirr$$cBanquier in Paris$$2resource,(DE-588)1153519720
3,60007 L $$aBomie$$cMitglied der Académie Royale$$d?-1727$$2resource,(DE-588)1153520184
1,"60017 L $$aDumesnil, Marie Françoise$$d1713-1803$$2resource",(DE-588)11536076X
2,"60017 L $$aSievert, Paul Gottfried$$cpromovierte 1715 in Basel$$2resource",(DE-588)115390405
25,"1001  L $$aVincens-Petit, Marie de$$eAutor$$4aut",(DE-588)1154948226
1,60007 L $$aCoigny$$cComtesse de$$2resource,(DE-588)1154949389
64,"60017 L $$aMaupertuis-von Borck, Eleonore$$2resource",(DE-588)115595338X
36,60007 L $$aMontmort-Romicourt$$cMme de$$2resource,(DE-588)1155965140
31,"60017 L $$aGolovkin, Alexander$$cGraf$$d1688-1760$$2resource",(DE-588)1155969200
28,60007 L $$aWaldegrave$$cenglischer Edelmann$$2resource,(DE-588)115598157X
1,1000  L $$aWaldegrave$$cenglischer Edelmann$$eAutor$$4aut,(DE-588)115598157X
22,"60017 L $$aMoreau, René$$cSeigneur de Maupertuis, Vater von Pierre Louis Moreau de Maupertuis$$2resource",(DE-588)1156356024
4,"1001  L $$aMaupertuis, René Moreau de$$eAutor$$4aut",(DE-588)1156356024
19,"60017 L $$aCrusius, Johann Heinrich$$2resource",(DE-588)1156357152
15,"60017 L $$aDietrich, Johannes$$d?-1758$$2resource",(DE-588)1156360374
3,60007 L $$aDietrich$$cMechaniker und Goldschmied in Basel$$2resource,(DE-588)1156360374
2,"7001  L $$aDietrich, Johannes$$d?-1758$$eAdressat$$4rcp",(DE-588)1156360374
14,"60017 L $$aBernoulli, Magdalena$$d1689-1760$$2resource",(DE-588)1156361664
11,"60017 L $$aChecozzi, Sebastiano$$d1693-1719$$2resource",(DE-588)1156361761
9,"7001  L $$aChecozzi, Sebastiano$$d1693-1719$$eAdressat$$4rcp",(DE-588)1156361761
4,"1001  L $$aChecozzi, Sebastiano$$d1693-1719$$eAutor$$4aut",(DE-588)1156361761
10,"60017 L $$aScheuchzer, Johann Jakob$$d1690-1751$$2resource",(DE-588)1156361990
10,60007 L $$aMerian-Jordan$$cFrau von Johann Bernhard Merian$$2resource,(DE-588)1156409489
9,60007 L $$aEnderlin$$cUhrmacher in Basel$$2resource,(DE-588)1156414091
9,"60017 L $$aGut, Friedrich Albert$$d1693-1773$$2resource",(DE-588)1156417392
9,"60017 L $$aSchmutz, Kaspar$$d1659-1737$$2resource",(DE-588)1156419506
8,"60017 L $$aLa Ville, Jean Ignace de$$dca. 1690-1774$$2resource",(DE-588)1156428033
7,"60017 L $$aMaisons, Jean-René de Longueil de$$d1699-1731$$2resource",(DE-588)1156430828
7,"60017 L $$aMayer, Friedrich, Christoph$$d1697-1729$$2resource",(DE-588)1156431395
6,"60017 L $$aReboulet, Paul$$d1655-1710$$2resource",(DE-588)115643193X
18,"60017 L $$aMonsoury, de$$cAbbé d'Orbais$$2resource",(DE-588)1156687535
8,"60017 L $$aBreuner, Karl$$cGraf$$d1740-1796$$2resource",(DE-588)1156688779
8,"60017 L $$aCatelan, François de$$cAbbé$$2resource",(DE-588)115669146X
5,60007 L $$aBreuner$$cSohn von Josefa Breuner-Khevenhüller$$2resource,(DE-588)1156694531
5,60007 L $$aWurmbrandt-Stuppach$$cGraf$$d1724-1779$$2resource,(DE-588)1156694760
5,"7001  L $$aGolovkin, Alexander$$cGraf$$d1688-1760$$eAdressat$$4rcp",(DE-588)1156695201
4,60007 L $$aStern$$cKaufmann in Basel$$2resource,(DE-588)1156695678
4,"60017 L $$aBernoulli-Beck, Veronika$$d1747-1801$$2resource",(DE-588)1156696011
5,"1001  L $$aDaine, Marie Jean Baptiste Nicolas$$c1730-1804$$eAutor$$4aut",(DE-588)1156741289
4,"60017 L $$aFaesch, Andreas$$d1695-1750$$2resource",(DE-588)1156746124
4,"60017 L $$aFormont de la Tour, Jean-François$$d?-1720$$2resource",(DE-588)115674976X
10,"60017 L $$aGeymüller, Nicolas$$caus Leipzig$$2resource",(DE-588)1156753228
2,60007 L $$aDietrich$$cWitwe von Johannes Dietrich$$2resource,(DE-588)1156753813
4,"60017 L $$aMüller, Melchior$$d1657-1713$$2resource",(DE-588)1156754461
4,"60017 L $$aWieland, Hans Conrad$$d1661-1725$$2resource",(DE-588)1156755212
3,60007 L $$aClairaut$$cFrau von Alexis Claude Clairaut$$2resource,(DE-588)1156756502
1,60007 L $$aClairaut$$cCompagne von Alexis Claude Clairaut$$2resource,(DE-588)1156756502
3,60007 L $$aRiedesel-von Borck$$cSchwester von Eleonore Maupertuis-von Borck$$2resource,(DE-588)1157037518
2,60007 L $$aGolovkin$$cComtesse$$2resource,(DE-588)1157043917
5,"60017 L $$aBattier, Samuel$$d1667-1744$$2resource",(DE-588)115793895
3,"1001  L $$aBattier, Samuel$$d1667-1744$$eAutor$$4aut",(DE-588)115793895
2,"60017 L $$aIvernois, Jean Antoine d'$$d1703-1765$$2resource",(DE-588)115794972
1,"1001  L $$aIvernois, Jean Antoine d'$$d1703-1765$$eAutor$$4aut",(DE-588)115794972
1,"60017 L $$aCastanier, Guillaume$$d1660-1725$$2resource",(DE-588)1158698798
1,"60017 L $$aSimonetta, Alberigo$$dca. 1685-1739$$2resource",(DE-588)1158703287
3,"60017 L $$aGiacometti, Jacopo$$d1663-1737$$2resource",(DE-588)1158980426
2,"60017 L $$aFaesch-de Hoy, Johannes$$d1732-1796$$2resource",(DE-588)1160330999
3,"60017 L $$aScheuchzer, Hans Jakob$$d1699-1734$$2resource",(DE-588)1160332576
2,"1001  L $$aEuler, Charlotte$$eAutor$$4aut",(DE-588)1160333750
1,"60017 L $$aBernoulli-Euler, Charlotte Anna Wilhelmine$$d1773-1831$$2resource",(DE-588)1160333750
2,"60017 L $$aMerian, Hans Rudolf$$d1674-1721$$2resource",(DE-588)1160334056
2,"60017 L $$aSchönauer, Emanuel$$d1634-1694$$2resource",(DE-588)116033613X
3,"60017 L $$aIselin-Birr, Maria Salome$$2resource",(DE-588)1160337136
1,"60017 L $$aIselin-Birr, Maria Salome$$d1657-1732$$2resource",(DE-588)1160337136
3,"60017 L $$aGros, Emanuel$$d1681-1742$$2resource",(DE-588)1160725713
3,"60017 L $$aHermann, German$$d1686-1771$$2resource",(DE-588)1160733538
3,"60017 L $$aHoffmann, Johann Jakob$$d1666-1733$$2resource",(DE-588)1160734933
1,"60017 L $$aHoffmann, Johann Jacob$$d1666-1733$$2resource",(DE-588)1160734933
12,"60017 L $$aBattier, Johann Jakob$$d1664-1720$$2resource",(DE-588)116082356
2,"1001  L $$aBöckmann, Johann Lorenz$$d1741-1802$$eAutor$$4aut",(DE-588)116217189
1,"60017 L $$aBombelles, Marc Marie$$cMarquis de$$d1744-1822?$$2resource",(DE-588)116237309
1,"60017 L $$aAbauzit, Firmin$$d1679-1767$$2resource",(DE-588)116238380
2,"60017 L $$aBoufflers, Stanislas de$$d1738-1815$$2resource",(DE-588)116272481
77,"7001  L $$aBourguet, Louis$$d1678-1742$$eAdressat$$4rcp",(DE-588)116298553
9,"60017 L $$aBourguet, Louis$$d1678-1742$$2resource",(DE-588)116298553
1,"60017 L $$aKortholt, Christian$$d1709-1751$$2resource",(DE-588)116341815
5,"1001  L $$aEberstein, Christian Franz Anton$$cGraf$$d1719-1797$$eAutor$$4aut",(DE-588)116348208
3,"60017 L $$aKrafft, Georg Wolfgang$$d1701-1754$$2resource",(DE-588)116356642
3,"7001  L $$aKrafft, Georg Wolfgang$$d1701-1754$$eAdressat$$4rcp",(DE-588)116356642
1,"1001  L $$aKrafft, Georg Wolfgang$$d1701-1754$$eAutor$$4aut",(DE-588)116356642
1,"60017 L $$aKrafft, Wolfgang Ludwig$$d1743-1814$$2resource",(DE-588)116358890
2,"7001  L $$aFabricius, Johann Ludwig$$d1632-1696$$eAdressat$$4rcp",(DE-588)116370882
10,"60017 L $$aCastillon, Jean François de$$d1708-1791$$2resource",(DE-588)116472448
3,"1001  L $$aCastillon, Jean François de$$d1708-1791$$eAutor$$4aut",(DE-588)116472448
2,"60017 L $$aLa Galaizière, Antoine Martin Chaumont de$$cMarquis$$d1697-1787$$2resource",(DE-588)116492864
2,"60017 L $$aBroglie, Victor François$$cduc de$$d1718-1804$$2resource",(DE-588)116562722
26,"7001  L $$aEuler, Johann Albrecht$$d1734-1800$$eAdressat$$4rcp",(DE-588)116610832
14,"60017 L $$aEuler, Johann Albrecht$$d1734-1800$$2resource",(DE-588)116610832
8,"1001  L $$aEuler, Johann Albrecht$$d1734-1800$$eAutor$$4aut",(DE-588)116610832
1,"60017 L $$aGleditsch, Johann Gottlieb$$d1714-1786$$2resource",(DE-588)116657812
1,"60017 L $$aHeineccius, Johann Michael$$d1674-1722$$2resource",(DE-588)116659572
3,"60017 L $$aRouillé, Antoine Louis$$d1689-1761$$2resource",(DE-588)11666407X
1,"60017 L $$aHelvetius, Jean Claude Adrien$$d1685-1755$$2resource",(DE-588)116692782
1,"60017 L $$aBrucker, Johann Jakob$$d1696-1770$$2resource",(DE-588)116725966
1,"60017 L $$aHerrenschwand, Johann Friedrich von$$d1715-1798$$2resource",(DE-588)116745487
3,"60017 L $$aSt. Florentin, Louis Phélipeaux$$ccomte de, duc de la Vrillière$$d1705-1777$$2resource",(DE-588)116759720
30,"60017 L $$aFouchy, Jean Paul Grandjean de$$d1707-1788$$2resource",(DE-588)116821833
3,"7001  L $$aFouchy, Jean Paul Grandjean de$$d1707-1788$$eAdressat$$4rcp",(DE-588)116821833
2,"7001  L $$aMencke, Friedrich Otto$$d1708-1754$$eAdressat$$4rcp",(DE-588)116876239
5,"7001  L $$aFuss, Niklaus$$d1755-1826$$eAdressat$$4rcp",(DE-588)116878894
4,"1001  L $$aFuss, Niklaus$$d1755-1826$$eAutor$$4aut",(DE-588)116878894
1,"60017 L $$aGuérin, Hippolyte Louis$$d1698-1765$$2resource",(DE-588)116916311
4,"1001  L $$aLesage, Georges Louis$$d1724-1803$$eAutor$$4aut",(DE-588)116948078
3,"7001  L $$aLesage, Georges Louis$$d1724-1803$$eAdressat$$4rcp",(DE-588)116948078
1,"60017 L $$aLesage, Georges Louis$$d1724-1803$$2resource",(DE-588)116948078
1,"60017 L $$aHolland, Georg Johathan$$d1742-1784$$2resource",(DE-588)116962089
2,"60017 L $$aMechel, Christian von$$d1737-1817$$2resource",(DE-588)116976659
1,"60017 L $$aNoailles, Louis Antoine, Cardinal de$$d1651-1729$$2resource",(DE-588)117035297
1,"60017 L $$aJacquier, François$$d1711-1788$$2resource",(DE-588)117050164
12,"60017 L $$aMontucla, Jean Etienne$$d1725-1799$$2resource",(DE-588)117134503
1,"60017 L $$aBurman, Pieter$$d1713-1778$$2resource",(DE-588)117174556
5,"60017 L $$aIselin, Johann Rudolf$$d1705-1779$$2resource",(DE-588)117205567
3,"60017 L $$aScherz, Johann Georg$$d1678-1754$$2resource",(DE-588)117222267
1,"1001  L $$aScherz, Johann Georg$$d1678-1754$$eAutor$$4aut",(DE-588)117222267
1,"60017 L $$aJussieu, Antoine$$d1686-1758$$2resource",(DE-588)117241865
3,"60017 L $$aLowitz, Georg Moritz$$d1722-1774$$2resource",(DE-588)117251763
27,"60017 L $$aStirling, James$$d1692-1770$$2resource",(DE-588)117260266
3,"1001  L $$aStirling, James$$d1692-1770$$eAutor$$4aut",(DE-588)117260266
2,"7001  L $$aStirling, James$$d1692-1770$$eAdressat$$4rcp",(DE-588)117260266
2,"1001  L $$aTextor, Johann Nicolaus$$d1695-1765$$eAutor$$4aut",(DE-588)117296341
2,"60017 L $$aWeitbrecht, Josias$$d1702-1747$$2resource",(DE-588)117306576
3,"60017 L $$aWettstein, Johann Heinrich$$d1649-1726$$2resource",(DE-588)117327727
5,"1001  L $$aVerdeil, François$$d1747-1832$$eAutor$$4aut",(DE-588)117370878
4,"60017 L $$aSilhouette, Etienne de$$d1709-1767$$2resource",(DE-588)117385301
2,60007 L $$aFerdinand$$cPrinz von Preussen$$d1730-1813$$2resource,(DE-588)117505471
4,"60017 L $$aHellot, Jean$$d1685-1766$$2resource",(DE-588)117516074
1,"1001  L $$aHemsterhuis, Tiberius$$d1685-1766$$eAutor$$4aut",(DE-588)117516422
4,"60017 L $$aHénault, Charles François$$d1685-1770$$2resource",(DE-588)117516449
17,"60017 L $$aFontaine des Bertins, Alexis$$d1705-1771$$2resource",(DE-588)11751960X
1,"60017 L $$aFontana, Felice$$d1730-1805$$2resource",(DE-588)117519669
3,"1001  L $$aFontana, Gregorio$$d1735-1803$$eAutor$$4aut",(DE-588)117519693
1,"60017 L $$aKlein, Jacob Theodor$$d1685-1759$$2resource",(DE-588)117523216
12,"60017 L $$aReyneau, Charles René$$d1656-1728$$2resource",(DE-588)117526789
4,"60017 L $$aGeoffroy, Etienne François$$d1672-1731$$2resource",(DE-588)117536148
18,"1001  L $$aFrézier, Amédée François$$d1682-1773$$eAutor$$4aut",(DE-588)117537373
2,"60017 L $$aFrézier, Amédée François$$d1682-1773$$2resource",(DE-588)117537373
2,"60017 L $$aMalouin, Paul Jacques$$d1701-1777$$2resource",(DE-588)117540943
8,"60017 L $$aManfredi, Eustachio$$d1674-1739$$2resource",(DE-588)117541230
15,"60017 L $$aMaraldi, Giacomo Filippo$$d1665-1729$$2resource",(DE-588)117541613
3,"60017 L $$aMayer, Christian$$d1719-1783$$2resource",(DE-588)117542644
1,"60017 L $$aMarchetti, Alessandro$$d1633-1714$$2resource",(DE-588)117544442
3,"60017 L $$aMarggraf, Andreas Sigismund$$d1709-1782$$2resource",(DE-588)117544906
5,"60017 L $$aGouye, Thomas$$d1650-1725$$2resource",(DE-588)117550841
11,"60017 L $$aMead, Richard$$d1673-1754$$2resource",(DE-588)117559822
2,"60017 L $$aGua de Malves, Jean Paul$$d1712-1786$$2resource",(DE-588)117572535
11,"60017 L $$aLa Hire, Philippe de$$d1640-1718$$2resource",(DE-588)117573752
1,"7001  L $$aLa Hire, Philippe de$$d1640-1718$$eAutor$$4aut",(DE-588)117573752
2,"60017 L $$aWhiston, William$$d1667-1752$$2resource",(DE-588)117574678
7,"60017 L $$aGuettard, Jean Etienne$$d1715-1786$$2resource",(DE-588)117576425
11,"60017 L $$aBellini, Lorenzo$$d1643-1704$$2resource",(DE-588)117584363
38,"60017 L $$aNicole, François$$d1683-1758$$2resource",(DE-588)117584401
113,"60017 L $$aMoivre, Abraham de$$d1667-1754$$2resource",(DE-588)117586765
11,"1001  L $$aMoivre, Abraham de$$d1667-1754$$eAutor$$4aut",(DE-588)117586765
11,"7001  L $$aMoivre, Abraham de$$d1667-1754$$eAdressat$$4rcp",(DE-588)117586765
3,"60017 L $$aBézout, Etienne$$d1730-1783$$2resource",(DE-588)117590193
1,"60017 L $$aBianchini, Francesco$$d1662-1729$$2resource",(DE-588)117590282
4,"60017 L $$aZanotti, Francesco Maria$$d1692-1777$$2resource",(DE-588)117592307
4,"7001  L $$aZanotti, Francesco Maria$$d1692-1777$$eAdressat$$4rcp",(DE-588)117592307
4,"60017 L $$aRolle, Michel$$d1652-1719$$2resource",(DE-588)117593508
3,"7001  L $$aZendrini, Bernardino$$eAdressat$$4rcp",(DE-588)117596027
3,"60017 L $$aRouelle, Guillaume François$$d1703-1770$$2resource",(DE-588)117596973
2,"60017 L $$aRoumowsky, Stephan$$d1734-1815$$2resource",(DE-588)117598992
2,"60017 L $$aMorand, Sauveur François$$d1697-1773$$2resource",(DE-588)117601330
3,"60017 L $$aMudge, Thomas$$d1715-1794$$2resource",(DE-588)117604526
8,"60017 L $$aBion, Nicolas$$d1653-1733$$2resource",(DE-588)117604917
2,"60017 L $$aBirch, Thomas$$d1705-1766$$2resource",(DE-588)117604933
20,"7001  L $$aBlumentrost, Laurentius$$d1692-1755$$eAdressat$$4rcp",(DE-588)117608629
9,"1001  L $$aBlumentrost, Laurentius$$d1692-1755$$eAutor$$4aut",(DE-588)117608629
9,"60017 L $$aBlumentrost, Laurentius$$d1692-1755$$2resource",(DE-588)117608629
2,"60017 L $$aMurdoch, Patrick$$d?-1774$$2resource",(DE-588)117610429
1,60007 L $$aLe Cat$$cChirurg$$d1700-1768$$2resource,(DE-588)11761310X
2,"60017 L $$aOzanam, Jacques$$d1640-1717$$2resource",(DE-588)117613126
4,"60017 L $$aTerray, Joseph Marie$$d1715-1778$$2resource",(DE-588)117616168
23,"60017 L $$aSaurin, Joseph$$d1659-1737$$2resource",(DE-588)117619515
1,"60017 L $$aBorda, Jean Charles$$d1733-1799$$2resource",(DE-588)11762084X
1,"60017 L $$aDarquier de Pellepoix, Augustin$$d1718-1802$$2resource",(DE-588)117622575
1,"60017 L $$aDavid, Jean Pierre$$d1737-1784$$2resource",(DE-588)11762277X
42,"60017 L $$aBouguer, Pierre$$d1698-1758$$2resource",(DE-588)117622974
4,"1001  L $$aBouguer, Pierre$$d1698-1758$$eAutor$$4aut",(DE-588)117622974
2,"7001  L $$aBouguer, Pierre$$d1698-1758$$eAdressat$$4rcp",(DE-588)117622974
6,"60017 L $$aBradley, James$$d1692-1762$$2resource",(DE-588)117623687
1,"60017 L $$aBradley, James$$d1693-1762$$2resource",(DE-588)117623687
4,"60017 L $$aSherard, William$$d1659-1728$$2resource",(DE-588)117625493
8,"60017 L $$aDecker, Georg Jacob$$d1732-1799$$2resource",(DE-588)117626953
1,"7001  L $$aDecker, Georg Jacob$$d1732-1799$$eAdressat$$4rcp",(DE-588)117626953
4,"60017 L $$aToaldo, Giuseppe$$d1719-1797$$2resource",(DE-588)117628204
3,"60017 L $$aTournefort, Joseph Pitton de$$d1656-1708$$2resource",(DE-588)117628905
11,"60017 L $$aDeparcieux, Antoine$$d1703-1768$$2resource",(DE-588)117632511
8,"60017 L $$aDesaguliers, Jean Théophile$$d1683-1744$$2resource",(DE-588)117632686
2,"60017 L $$aSmith, Robert$$d1689-1768$$2resource",(DE-588)117635006
2,"1001  L $$aTronchin, Théodore$$d1709-1781$$eAutor$$4aut",(DE-588)117636703
17,"60017 L $$aTronchin, Théodore$$d1709-1781$$2resource",(DE-588)117636703
2,"60017 L $$aMontigny, Jean Charles Philibert Trudaine de$$d1733-1777$$2resource",(DE-588)117637017
10,"1001  L $$aBurman, Pieter$$d1668-1741$$eAutor$$4aut",(DE-588)117641987
9,"7001  L $$aBurman, Pieter$$d1668-1741$$eAdressat$$4rcp",(DE-588)117641987
2,"60017 L $$aBurman, Pieter$$d1668-1741$$2resource",(DE-588)117641987
12,"60017 L $$aDollond, John$$d1706-1761$$2resource",(DE-588)117650390
1,"60017 L $$aDollond, John$$cOptiker in London$$d1706-1761$$2resource",(DE-588)117650390
5,"7001  L $$aStancari, Vittorio Francesco$$d1678-1709$$eAdressat$$4rcp",(DE-588)11765244X
1,"1001  L $$aStancari, Vittorio Francesco$$d1678-1709$$eAutor$$4aut",(DE-588)11765244X
1,"60017 L $$aJonston, Jan$$d1603-1675$$2resource",(DE-588)117655872
28,"60017 L $$aCheyne, George$$d1671-1742$$2resource",(DE-588)117659606
1,"60017 L $$aCaesalpinus, Andreas$$d1519-1603$$2resource",(DE-588)117668257
4,"60017 L $$aLe Roi, Charles$$d1726-1779$$2resource",(DE-588)11766832X
1,"1001  L $$aValperga di Caluso, Tommaso$$d1737-1815$$eAutor$$4aut",(DE-588)117669113
15,"60017 L $$aCamus, Charles Etienne Louis$$d1699-1768$$2resource",(DE-588)117672025
1,60007 L $$aVittorio III. Amadeo$$d1726-1796$$2resource,(DE-588)117682349
2,"60017 L $$aCheseaux, Jean Philippe de$$d1718-1751$$2resource",(DE-588)117683353
7,"60017 L $$aPictet, Jean Louis$$d1739-1781$$2resource",(DE-588)117687154
1,"60017 L $$aCigna, Gian Francesco$$d1734-1790$$2resource",(DE-588)117688371
9,"60017 L $$aPitcairne, Archibald$$d1652-1713$$2resource",(DE-588)117689548
2,"60017 L $$aPontedera, Giulio$$d1688-1757$$2resource",(DE-588)117689610
11,60007 L $$aCoigny$$cMaréchal de$$2resource,(DE-588)117692115
4,"60017 L $$aPrémontval, André Pierre Le Guay de$$d1716-1764$$2resource",(DE-588)117696641
1,"60017 L $$aCornaro, Janus$$d1500-1558$$2resource",(DE-588)11769875X
12,"60017 L $$aCouplet, Claude Antoine$$d1642-1722$$2resource",(DE-588)117701068
1,"60017 L $$aCousin, Jacques Antoine Joseph$$d1739-1800$$2resource",(DE-588)117701327
3,"60017 L $$aChaulnes, Michel Ferdinand d'Albert d'Ailly$$cDuc de$$d1714-1769$$2resource",(DE-588)117726419
2,"60017 L $$aThurneysen, Johann Jakob$$d1729-1789$$2resource",(DE-588)117727717
11,"60017 L $$aAltmann, Johann Georg$$d1695-1758$$2resource",(DE-588)117761419
7,"1001  L $$aAltmann, Johann Georg$$d1695-1758$$eAutor$$4aut",(DE-588)117761419
8,"60017 L $$aAiguillon, Anne Charlotte$$cduchesse d'$$d?-1772$$2resource",(DE-588)117762210
1,"60017 L $$aAiguillon, Anne Charlotte$$cduchesse d'$$d-1772$$2resource",(DE-588)117762210
3,"60017 L $$aDu Hamel, Jean Baptiste$$d1624-1706$$2resource",(DE-588)118064584
1,"60017 L $$aDuhamel, Jean Baptiste$$d1624-1706$$2resource",(DE-588)118064584
1,"60017 L $$aBernard, Johann Stephan$$d1718-1793$$2resource",(DE-588)118158376
3,"60017 L $$aBirr, Anton$$d1693-1762$$2resource",(DE-588)118173340
4,"60017 L $$aBélidor, Bernard Forest de$$d1697-1761$$2resource",(DE-588)118201913
1,"60017 L $$aBayle, Pierre$$d1647-1706$$2resource",(DE-588)11850777X
1,"60017 L $$aBentley, Richard$$d1662-1742$$2resource",(DE-588)118509209
2,"60017 L $$aBerkeley, George$$d1685-1753$$2resource",(DE-588)118509616
3,"60017 L $$aBoileau-Despréaux, Nicolas$$d1656-1711$$2resource",(DE-588)118512986
1,"60017 L $$aBrahe, Tycho$$d1546-1601$$2resource",(DE-588)118514237
1,"60017 L $$aBuddaeus, Johann Franz$$d1667-1729$$2resource",(DE-588)11851685X
1,"60017 L $$aColbert, Jean Baptiste$$d1619-1683$$2resource",(DE-588)118521470
1,60007 L $$aQuintus Curtius Rufus$$2resource,(DE-588)118523074
30,"60017 L $$aDescartes, René$$d1596-1650$$2resource",(DE-588)118524844
1,"60017 L $$aDyck, Anton van$$d1599-1641$$2resource",(DE-588)118528386
2,60007 L $$aElisabeth Charlotte$$cDuchesse d'Orléans$$d1652-1722$$2resource,(DE-588)118529935
168,"60017 L $$aEuler, Leonhard$$d1707-1783$$2resource",(DE-588)118531379
115,"7001  L $$aEuler, Leonhard$$d1707-1783$$eAdressat$$4rcp",(DE-588)118531379
42,"1001  L $$aEuler, Leonhard$$d1707-1783$$eAutor$$4aut",(DE-588)118531379
3,"60017 L $$aFranklin, Benjamin$$d1706-1790$$2resource",(DE-588)118534912
1,60007 L $$aFriedrich$$cMarkgraf von Bayreuth$$d1735-1763$$2resource,(DE-588)118535641
7,"60017 L $$aGalilei, Galileo$$d1564-1642$$2resource",(DE-588)118537229
1,"60017 L $$aIselin, Isaak$$d1728-1782$$2resource",(DE-588)118555952
1,60007 L $$aKarl Ludwig$$cLandgraf von Hessen$$d1654-1730$$2resource,(DE-588)118560050
1,60007 L $$aKarl$$bVI.$$cKaiser des Römisch-Deutschen Reichs$$d1685-1740$$2resource,(DE-588)118560107
2,60007 L $$aKarl Friedrich$$cMarkgraf von Baden-Durlach$$d1728-1811$$2resource,(DE-588)118560166
8,"60017 L $$aKepler, Johannes$$d1571-1630$$2resource",(DE-588)118561448
1,"60017 L $$aKircher, Athanasius$$d1602-1680$$2resource",(DE-588)118562347
1,"60017 L $$aLa Harpe, Jean François de$$d1739-1803$$2resource",(DE-588)11856871X
26,"60017 L $$aLambert, Johann Heinrich$$d1728-1777$$2resource",(DE-588)118568876
3,"7001  L $$aLambert, Johann Heinrich$$d1728-1777$$eAdressat$$4rcp",(DE-588)118568876
1,"1001  L $$aLambert, Johann Heinrich$$d1728-1777$$eAutor$$4aut",(DE-588)118568876
2,"60017 L $$aLeupold, Jacob$$d1674-1727$$2resource",(DE-588)118572210
28,"60017 L $$aMalebranche, Nicolas$$d1638-1715$$2resource",(DE-588)118576682
3,"60017 L $$aMarmontel, Jean François$$d1723-1799$$2resource",(DE-588)118578073
2,"60017 L $$aMayer, Johann Tobias$$d1723-1762$$2resource",(DE-588)118579576
2,"60017 L $$aMersenne, Marin$$d1588-1648$$2resource",(DE-588)118581201
322,"60017 L $$aNewton, Isaac$$d1643-1727$$2resource",(DE-588)118587544
5,"7001  L $$aNewton, Isaac$$d1643-1727$$eAdressat$$4rcp",(DE-588)118587544
2,"1001  L $$aNewton, Isaac$$d1643-1727$$eAutor$$4aut",(DE-588)118587544
9,"60017 L $$aPascal, Blaise$$d1623-1662$$2resource",(DE-588)118591843
5,60007 L $$aPeter$$bI$$cKaiser von Russland$$d1672-1725$$2resource,(DE-588)118592955
2,"60017 L $$aPetrarca, Francesco$$2resource",(DE-588)118593234
2,60007 L $$aPlautus$$d-184 v. Chr.$$2resource,(DE-588)118594974
1,60007 L $$aPlinius$$bd. Jüngere$$2resource,(DE-588)118595091
4,60007 L $$aPompadour$$cMarquise de$$d1722-1764$$2resource,(DE-588)11859561X
4,"60017 L $$aRasoumowsky, Cyrill$$cGraf$$d1728-1803$$2resource",(DE-588)118598708
5,"60017 L $$aRoberval, Gilles$$d1602-1675$$2resource",(DE-588)118601547
28,"60017 L $$aScheuchzer, Johann Jakob$$d1672-1733$$2resource",(DE-588)118607308
9,"7001  L $$aScheuchzer, Johann Jakob$$d1672-1733$$eAdressat$$4rcp",(DE-588)118607308
5,"1001  L $$aScheuchzer, Johann Jakob$$d1672-1733$$eAutor$$4aut",(DE-588)118607308
9,"60017 L $$aSchöpflin, Johann Daniel$$d1694-1771$$2resource",(DE-588)118610260
1,"1001  L $$aSchöpflin, Johann Daniel$$d1694-1771$$eAutor$$4aut",(DE-588)118610260
2,"60017 L $$aTorricelli, Evangelista$$d1608-1647$$2resource",(DE-588)118623427
39,"60017 L $$aWolff, Christian$$d1679-1754$$2resource",(DE-588)118634771
3,"7001  L $$aWolff, Christian$$d1679-1754$$eAdressat$$4rcp",(DE-588)118634771
1,"1001  L $$aWolff, Christian$$d1679-1754$$eAutor$$4aut",(DE-588)118634771
69,"60017 L $$aHuygens, Christiaan$$d1629-1695$$2resource",(DE-588)118639749
2,"60017 L $$aMarsili, Luigi Ferdinando$$d1658-1730$$2resource",(DE-588)118640968
3,"60017 L $$aSchulenburg, Matthias Johann, Graf von der$$d1661-1747$$2resource",(DE-588)118642286
1,60007 L $$aWilhelm$$bIII.$$cKönig von England$$d1650-1702$$2resource,(DE-588)118643355
7,60007 L $$aAmalie$$cPrinzessin von Preussen$$d1723-1787$$2resource,(DE-588)118648659
5,"60017 L $$aCelsius, Anders$$d1701-1744$$2resource",(DE-588)118653326
3,"60017 L $$aBelle Isle, Charles Louis Auguste Fonquet$$cduc de$$d1684-1761$$2resource",(DE-588)118655159
1,"60017 L $$aBering, Vitus$$d1680-1741$$2resource",(DE-588)118656163
19,"60017 L $$aBorelli, Giovanni Alfonso$$d1608-1679$$2resource",(DE-588)118659359
2,"60017 L $$aBothmer, Johann Caspar$$ccomte de$$d1656-1732$$2resource",(DE-588)11865943X
4,"60017 L $$aBoyle, Robert$$d1621-1691$$2resource",(DE-588)118659642
1,"60017 L $$aBorn, Ignaz$$cEdler von$$d1742-1791$$2resource",(DE-588)118661868
2,"60017 L $$aBoscovich, Roger Joseph$$d1711-1787$$2resource",(DE-588)118662074
2,"60017 L $$aBougainville, Louis Antoine$$ccomte de$$d1729-1811$$2resource",(DE-588)118662309
2,"60017 L $$aBuxbaum, Johann Christian$$d1694-1731$$2resource",(DE-588)118665669
2,"7001  L $$aKantemir, Antioch Dmitrievič$$d1707-1744$$eAdressat$$4rcp",(DE-588)118666940
12,"1001  L $$aCatt, Henri Alexandre de$$d1725-1795$$eAutor$$4aut",(DE-588)118667521
11,"60017 L $$aCatt, Henri Alexandre de$$d1725-1795$$2resource",(DE-588)118667521
12,"60017 L $$aClarke, Samuel$$d1675-1729$$2resource",(DE-588)118669478
3,"60017 L $$aCowper, William$$d1666-1709$$2resource",(DE-588)118670379
1,"60017 L $$aDesfontaines, Pierre-François Guyot$$d1685-1745$$2resource",(DE-588)118671596
1,"60017 L $$aDupleix, Joseph François$$d1697-1763$$2resource",(DE-588)118672819
3,"60017 L $$aBrander, Georg Friedrich$$d1713-1783$$2resource",(DE-588)118673149
1,"60017 L $$aChoisy, François Timolèon de$$d1644-1724$$2resource",(DE-588)118675966
3,60007 L $$aChristian$$bIV$$cHerzog von Zweibrücken$$d1722-1775$$2resource,(DE-588)118676067
2,"60017 L $$aCochin, Charles Nicolas$$d1715-1790$$2resource",(DE-588)118676512
1,"60017 L $$aCrebillon, Prosper Jolyot de$$d1674-1762$$2resource",(DE-588)118677284
1,"60017 L $$aDaun, Leopold Joseph$$cGraf von$$d1705-1766$$2resource",(DE-588)118678965
5,"60017 L $$aFleury, André Hercule$$cCardinal de$$d1653-1743$$2resource",(DE-588)118683969
1,"60007 L $$aElisabeth$$cRussland, Kaiserin$$d1741-1762$$2resource",(DE-588)118688642
3,"60017 L $$aFriedrich, Prinz von Preussen$$d1744-1797$$2resource",(DE-588)11869362X
55,"7001  L $$aGoldbach, Christian$$d1690-1764$$eAdressat$$4rcp",(DE-588)118696149
53,"1001  L $$aGoldbach, Christian$$d1690-1764$$eAutor$$4aut",(DE-588)118696149
8,"60017 L $$aGoldbach, Christian$$d1690-1764$$2resource",(DE-588)118696149
1,"60017 L $$aGrimm, Frédéric Melchior, Baron$$d1723-1807$$2resource",(DE-588)118697765
3,"60017 L $$aGrimm, Frédéric Melchior$$cBaron$$d1723-1807$$2resource",(DE-588)118697765
9,"60017 L $$aHaen, Antonius de$$d1704-1776$$2resource",(DE-588)118700162
1,"60017 L $$aFreret, Nicolas$$d1688-1749$$2resource",(DE-588)118703056
9,"60017 L $$aFréron, Elie-Catherine$$d1719-1776$$2resource",(DE-588)118703064
1,"60007 L $$aJakob$$bII.$$cEngland, König$$d1633-1701$$2resource",(DE-588)118711539
1,"60017 L $$aJusti, Johann Heinrich Gottlob$$d1720-1771$$2resource",(DE-588)118714333
11,"60017 L $$aKästner, Abraham Gotthelf$$d1719-1800$$2resource",(DE-588)118714570
1,"60017 L $$aGregory, James$$d1638-1675$$2resource",(DE-588)118718754
1,"60017 L $$aKaunitz-Rietberg, Wenzel Anton von$$d1711-1794$$2resource",(DE-588)118721313
3,"60017 L $$aKunckel von Löwenstjern, Johann$$dca. 1638-1703$$2resource",(DE-588)11872536X
3,"60017 L $$aLinguet, Simon Nicolas Henri$$d1736-1794$$2resource",(DE-588)11872844X
2,"60017 L $$aPapin, Denis$$d1647-1714$$2resource",(DE-588)118739220
34,"60017 L $$aRéaumur, René Antoine Ferchault de$$d1683-1757$$2resource",(DE-588)118749420
3,"60017 L $$aStevinus, Simon$$d1548-1620$$2resource",(DE-588)11875372X
4,"60017 L $$aSwieten, Gerhard van$$d1700-1772$$2resource",(DE-588)118758055
2,"60017 L $$aTurgot, Anne Robert Jacques$$d1727-1781$$2resource",(DE-588)118763202
26,"60017 L $$aWallis, John$$d1616-1703$$2resource",(DE-588)118771167
2,"60017 L $$aLebrun, Charles$$d1619-1690$$2resource",(DE-588)118779141
23,"60017 L $$aMalesherbes, Chrétien-Guillaume de Lamoignon de$$d1721-1794$$2resource",(DE-588)118781413
5,"1001  L $$aMalesherbes, Chrétien-Guillaume de Lamoignon de$$d1721-1794$$eAutor$$4aut",(DE-588)118781413
4,"60017 L $$aMusschenbroek, Pieter van$$d1692-1761$$2resource",(DE-588)118785516
3,"60017 L $$aNoailles, Adrien Maurice de$$d1678-1766$$2resource",(DE-588)118786334
2,"60017 L $$aQuinault, Philippe$$d1635-1688$$2resource",(DE-588)118787519
4,"60017 L $$aRichelieu, Louis François Armand Duplessis$$cduc de$$d1696-1788$$2resource",(DE-588)118788744
1,"60017 L $$aPiles, Roger de$$2resource",(DE-588)118792180
2,"60017 L $$aSauveur, Joseph$$d1653-1716$$2resource",(DE-588)11879471X
84,"60017 L $$aTaylor, Brook$$d1685-1731$$2resource",(DE-588)118801481
4,"60017 L $$aThou, Jacques Auguste de$$d1553-1617$$2resource",(DE-588)118802143
4,"60017 L $$aTreu, Christoph Jacob$$d1695-1769$$2resource",(DE-588)118802712
2,"60017 L $$aSüssmilch, Johann Peter$$d1707-1767$$2resource",(DE-588)118814834
18,60007 L $$aPhilippe II. de Bourbon$$cduc d'Orléans$$d1674-1723$$2resource,(DE-588)118820214
1,60007 L $$aKleanthes$$d331-232 v. Chr.$$2resource,(DE-588)118834606
1,"60017 L $$aAiguillon, Armand Vignerot Duplessis Richelieu$$cDuc d'$$d1720-1788$$2resource",(DE-588)118834665
2,"60017 L $$aNattier, Jean-Marc$$d1685-1766$$2resource",(DE-588)118835432
1,"60017 L $$aCavalieri, Benedetto$$d1598-1647$$2resource",(DE-588)118872621
93,"60017 L $$aPoleni, Giovanni$$d1683-1761$$2resource",(DE-588)11887733X
40,"1001  L $$aPoleni, Giovanni$$d1683-1761$$eAutor$$4aut",(DE-588)11887733X
23,"7001  L $$aPoleni, Giovanni$$d1683-1761$$eAdressat$$4rcp",(DE-588)11887733X
3,"60017 L $$aPompignan, Jean Jacques le Franc$$cMarquis de$$d1709-1784$$2resource",(DE-588)118877380
1,"60017 L $$aDenis, Marie-Louise$$d1712-1790$$2resource",(DE-588)118889567
3,"60017 L $$aAguesseau, Henri François d'$$d1668-1751$$2resource",(DE-588)118895362
2,"60017 L $$aMaskelyne, Nevil$$d1732-1811$$2resource",(DE-588)118903217
4,"60017 L $$aNieuwentiit, Bernhard$$d1654-1718$$2resource",(DE-588)118913727
1,60007 L $$aKarl$$bIII.$$cKönig von Spanien$$d1716-1788$$2resource,(DE-588)118925059
24,"7001  L $$aGrandi, Guido$$d1671-1742$$eAdressat$$4rcp",(DE-588)118937669
14,"60017 L $$aGrandi, Guido$$d1671-1742$$2resource",(DE-588)118937669
2,"1001  L $$aGrandi, Guido$$d1671-1742$$eAutor$$4aut",(DE-588)118937669
20,"60017 L $$a'sGravesande, Willem Jacob$$d1688-1742$$2resource",(DE-588)118939297
7,"7001  L $$a'sGravesande, Willem Jacob$$d1688-1742$$eAdressat$$4rcp",(DE-588)118939297
5,"1001  L $$a'sGravesande, Willem Jacob$$d1688-1742$$eAutor$$4aut",(DE-588)118939297
1,"60017 L $$aEon de Beaumont, Charles Geneviève Louis Auguste André Timothé d'$$d1728-1810$$2resource",(DE-588)118955942
4,"60017 L $$aChatelux, François Jean$$cChevalier de$$d1734-1788$$2resource",(DE-588)118974254
2,"60017 L $$aLiesganig S.J., Joseph$$d1719-1799$$2resource",(DE-588)118998153
1,"60017 L $$aCoste, Pierre$$d1668-1747$$2resource",(DE-588)11900478X
18,"60017 L $$aPicard, Jean$$d1620-1682$$2resource",(DE-588)11900643X
2,60007 L $$aFerdinand$$cHerzog zu Braunschweig und Lüneburg$$d1721-1792$$2resource,(DE-588)119007754
4,"60017 L $$aValsalva, Anton Maria$$d1666-1723$$2resource",(DE-588)119016893
1,"60017 L $$aValsalva, Antonio Maria$$d1666-1723$$2resource",(DE-588)119016893
11,"60017 L $$aNollet, Jean Antoine$$d1700-1770$$2resource",(DE-588)119027275
13,60007 L $$aKarl Wilhelm$$cMarkgraf von Baden-Durlach$$d1679-1738$$2resource,(DE-588)119035146
1,"60017 L $$aFirmian, Carl$$cGraf$$d1716-1782$$2resource",(DE-588)119036037
5,"60017 L $$aGmelin, Johann Georg$$d1709-1755$$2resource",(DE-588)11903705X
189,"1001  L $$aVarignon, Pierre$$d1654-1722$$eAutor$$4aut",(DE-588)119062372
110,"7001  L $$aVarignon, Pierre$$d1654-1722$$eAdressat$$4rcp",(DE-588)119062372
98,"60017 L $$aVarignon, Pierre$$d1654-1722$$2resource",(DE-588)119062372
14,"60017 L $$aTissot, Samuel Auguste André David$$d1728-1797$$2resource",(DE-588)119073773
2,"60017 L $$aCassini de Thury, César François$$d1714-1784$$2resource",(DE-588)119076675
1,"60007 L $$aPeter$$bII.$$cRussland, Kaiser$$d1727-1730$$2resource",(DE-588)119087375
13,"60017 L $$aMaurepas, Jean Fréderic Phélippeaux$$ccomte de$$d1701-1781$$2resource",(DE-588)119097060
3,"60017 L $$aMacquer, Pierre Joseph$$d1718-1784$$2resource",(DE-588)119097303
7,"60017 L $$aCollins, John$$d1625-1683$$2resource",(DE-588)119115700
1,60007 L $$aClemens$$bXI.$$cPapst$$d1649-1721$$2resource,(DE-588)119139162
3,"7001  L $$aBernoulli, Nicolaus$$d1687-1759$$bI$$eSchreiber/Scriptorium$$4scr",(DE-588)119166895
8,"60017 L $$aLa Caille, Louis de$$d1713-1762$$2resource",(DE-588)119174596
4,"60017 L $$aLa Caille, Nicolas Louis de$$cabbé$$2resource",(DE-588)119174596
2,"60017 L $$aLa Caille, Nicolas Louis de$$cAbbé$$2resource",(DE-588)119174596
6,"60017 L $$aAgnesi, Maria Gaetana$$d1718-1799$$2resource",(DE-588)119223414
3,"60017 L $$aVernet, Jacques$$d1698-1789$$2resource",(DE-588)119259028
1,"60017 L $$aCaramuel, Jean$$d1606-1682$$2resource",(DE-588)119268612
13,"60017 L $$aFardella, Michelangelo$$d1650-1718$$2resource",(DE-588)119291967
3,"1001  L $$aFardella, Michelangelo$$d1650-1718$$eAutor$$4aut",(DE-588)119291967
3,"7001  L $$aFardella, Michelangelo$$d1650-1718$$eAdressat$$4rcp",(DE-588)119291967
1,"60017 L $$aBoileau, Gilles$$d1631-1669$$2resource",(DE-588)119297590
75,"60017 L $$aMairan, Jean Jacques Dortous de$$d1678-1771$$2resource",(DE-588)11931035X
66,"1001  L $$aMairan, Jean Jacques Dortous de$$d1678-1771$$eAutor$$4aut",(DE-588)11931035X
46,"7001  L $$aMairan, Jean Jacques Dortous de$$d1678-1771$$eAdressat$$4rcp",(DE-588)11931035X
1,"60017 L $$aEstaing, Charles Hector d'$$d1729-1794$$2resource",(DE-588)119314355
3,"60017 L $$aVaucanson, Jacques de$$d1709-1782$$2resource",(DE-588)119326701
1,"60017 L $$aJaucourt, Louis, Chevalier de$$d1704-1779$$2resource",(DE-588)119332388
3,60007 L $$aWilhelm Karl Heinrich Friso$$cPrinz von Oranien$$d1711-1751$$2resource,(DE-588)119357585
1,"60017 L $$aHarrison, John$$d1693-1776$$2resource",(DE-588)119358166
9,"60017 L $$aCastel, Louis Bertrand$$d1688-1757$$2resource",(DE-588)119382156
2,"60017 L $$aFelice, Fortuné Barthélemy de$$d1723-1789$$2resource",(DE-588)119403072
1,"1001  L $$aFelice, Fortuné Barthélemy de$$d1723-1789$$eAutor$$4aut",(DE-588)119403072
1,"60017 L $$aKoegler, Ignatius$$d1680-1746$$2resource",(DE-588)11940849X
1,"60017 L $$aBouhier, Jean$$d1673-1746$$2resource",(DE-588)11943170X
1,"60017 L $$aBrowne, Maximilian Ulysses$$d1705-1757$$2resource",(DE-588)119435225
1,"60017 L $$aBentinck, Charlotte Sophie$$cGräfin von$$d1715-1806$$2resource",(DE-588)119435659
13,"60017 L $$aHenzi, Samuel$$d1701-1749$$2resource",(DE-588)119448505
1,"60017 L $$aBourbon, Louis-Alexandre de$$d1678-1737$$2resource",(DE-588)119465639
2,"60017 L $$aLamy, Bernard$$d1640-1715$$2resource",(DE-588)119470977
36,"60017 L $$aJurin, James$$d1684-1750$$2resource",(DE-588)119507978
4,"60017 L $$aSaint Pierre, Charles-Irénée Castel de$$2resource",(DE-588)119510952
2,"60017 L $$aBeauzée, Nicolas$$d1717-1789$$2resource",(DE-588)119538407
51,"60017 L $$aRiccati, Jacopo$$d1676-1754$$2resource",(DE-588)119543885
9,"7001  L $$aRiccati, Jacopo$$d1676-1754$$eAdressat$$4rcp",(DE-588)119543885
6,"1001  L $$aRiccati, Jacopo$$d1676-1754$$eAutor$$4aut",(DE-588)119543885
1,60007 L $$aFerdinand$$bVI$$cKönig von Spanien$$d1746-1759$$2resource,(DE-588)119560291
42,"60017 L $$aBignon, Jean-Paul$$d1662-1743$$2resource",(DE-588)120052539
7,"7001  L $$aBignon, Jean-Paul$$d1662-1743$$eAdressat$$4rcp",(DE-588)120052539
7,"60017 L $$aRizzetti, Giovanni$$d1675-1751$$2resource",(DE-588)120089807
4,"1001  L $$aRizzetti, Giovanni$$d1675-1751$$eAutor$$4aut",(DE-588)120089807
2,"7001  L $$aRizzetti, Giovanni$$d1675-1751$$eAdressat$$4rcp",(DE-588)120089807
1,"60017 L $$aCerati, Gasparo$$cabbé$$d1690-1769$$2resource",(DE-588)120256339
1,"60017 L $$aBasnage de Beauval, Henri$$d1656-1710$$2resource",(DE-588)12053827X
6,"60017 L $$aWeinmann, Johann Wilhelm$$d1683-1741$$2resource",(DE-588)120568276
1,"1001  L $$aThiard de Bissy, Claude de$$d1721-1810$$eAutor$$4aut",(DE-588)120569418
3,"60017 L $$aGroningius, Johann$$dca. 1670-1721$$2resource",(DE-588)120597519
1,"60017 L $$aGüldenstaedt, Johann Anton$$d1745-1781$$2resource",(DE-588)120640759
1,"1001  L $$aVolder, Burchard de$$d1643-1709$$eAutor$$4aut",(DE-588)120665182
22,"60017 L $$aArgenson, Marc Antoine René de Voyer d'$$d1722-1787$$2resource",(DE-588)12068859X
1,"1001  L $$aTscharner, Niklaus Emanuel von$$d1727-1794$$eAutor$$4aut",(DE-588)120695871
3,"60017 L $$aBuonmattei, Benedetto$$d1581-1643$$2resource",(DE-588)120752840
2,"60017 L $$aHausen, Christian August$$d1693-1743$$2resource",(DE-588)120811723
9,"60017 L $$aCotes, Roger$$d1682-1716$$2resource",(DE-588)121009645
2,"60017 L $$aMouchon, Pierre$$d1733-1797$$2resource",(DE-588)121129411
30,"60017 L $$aRocques, Pierre$$d1685-1748$$2resource",(DE-588)12115002X
1,"60017 L $$aKlingler, Anton$$d1649-1713$$2resource",(DE-588)12120071X
2,"60017 L $$aKnight, Gowin$$d1713-1772$$2resource",(DE-588)121229874
2,"60017 L $$aSilva, Jean-Baptiste$$d1682-1742$$2resource",(DE-588)121256545
2,"60017 L $$aSpreng, Johann Jakob$$d1699-1768$$2resource",(DE-588)121297004
6,"60017 L $$aGernler, Johann Heinrich$$d1727-1764$$2resource",(DE-588)121426173
22,"60017 L $$aRamspeck, Jakob Christoph$$d1722-1797$$2resource",(DE-588)121471640
8,"60017 L $$aMerian, Johann Rudolf$$d1690-1766$$2resource",(DE-588)121703592
1,"60017 L $$aHuber, Johann Jakob$$d1707-1778$$2resource",(DE-588)121998630
2,"60017 L $$aHauser, Johann Jakob$$d1666-1718$$2resource",(DE-588)122009215
39,"60017 L $$aWerenfels, Samuel$$d1657-1740$$2resource",(DE-588)12209025X
6,"7001  L $$aWerenfels, Samuel$$d1657-1740$$eAdressat$$4rcp",(DE-588)12209025X
3,"1001  L $$aWerenfels, Samuel$$d1657-1740$$eAutor$$4aut",(DE-588)12209025X
4,"1001  L $$aLa Rochefoucauld d'Anville, Louis Alexandre$$cduc de$$d1743-1792$$eAutor$$4aut",(DE-588)122126238
1,"60017 L $$aLa Rochefoucauld d'Anville, Louis Alexandre$$cduc de$$d1743-1792$$2resource",(DE-588)122126238
6,"60017 L $$aHomberg, Wilhelm$$d1652-1715$$2resource",(DE-588)122149335
1,"70012 L $$aHomberg, Wilhelm$$d1652-1715$$tSur la lumière du Mercure",(DE-588)122149335
2,"60017 L $$aWatelet, Claude Henri$$d1718-1776$$2resource",(DE-588)122269950
1,"60017 L $$aGilbert, William$$d1540-1603$$2resource",(DE-588)12233020X
2,"60017 L $$aDelisle, Guillaume$$d1675-1726$$2resource",(DE-588)122714024
1,"60017 L $$aSchwerin, Kurt Christoph, Graf von$$d1684-1757$$2resource",(DE-588)122767306
1,"1001  L $$aKeith, James Francis Edward$$cMaréchal d'Ecosse$$d1696-1758$$eAutor$$4aut",(DE-588)123069718
1,"60017 L $$aKeith, James$$d1696-1758$$2resource",(DE-588)123069718
7,"60017 L $$aPardies, Ignace Gaston$$d1636-1673$$2resource",(DE-588)123249201
6,"60017 L $$aSchwartz, Niklaus$$cdisputierte am 21.11.1710 in Basel$$2resource",(DE-588)123503094
1,"60017 L $$aHaller, Friderike Amalia Katharina von$$d1742-1825$$2resource",(DE-588)123825318
1,"60017 L $$aGaillard, Gabriel Henri$$d1726-1806$$2resource",(DE-588)124003575
3,"60017 L $$aTournières, Robert Levrac$$d1668-1752$$2resource",(DE-588)124016022
1,"60017 L $$aKönig, Emanuel$$d1658-1731$$2resource",(DE-588)124152198
4,"60017 L $$aDuvernoys, Jean Georges$$d1691-1759$$2resource",(DE-588)124167853
2,60007 L $$aDu Châtelet-Lomont$$cComte$$d?-1793$$2resource,(DE-588)124188699
2,"60017 L $$aScarella, Giambattista$$d1711-1779$$2resource",(DE-588)124408974
1,"60017 L $$aBergius, Petter Jonas$$d1730-1790$$2resource",(DE-588)124763340
1,"60017 L $$aLa Chapelle, <<de>>$$d1710-1792$$2resource",(DE-588)124763715
11,"60017 L $$aHartsoeker, Nikolaus$$d1656-1725$$2resource",(DE-588)124799361
2,"60017 L $$aTacquet, André$$d1611-1660$$2resource",(DE-588)12480022X
2,"7001  L $$aLeutmann, Johann Georg$$d1667-1736$$eAdressat$$4rcp",(DE-588)124826377
1,"60017 L $$aHalcke, Paul$$d1662-1731$$2resource",(DE-588)126788103
9,"60017 L $$aBeaune, Florimond de$$d1601-1652$$2resource",(DE-588)128349794
2,"1001  L $$aClüver, Detlev$$d1645-1708$$eAutor$$4aut",(DE-588)128386312
2,"7001  L $$aClüver, Detlev$$d1645-1708$$eAdressat$$4rcp",(DE-588)128386312
4,"60017 L $$aMontmort, Toussaint Rémond de Saint-Mard$$cBruder von Pierre Rémond de Montmort$$2resource",(DE-588)128493046
2,"60017 L $$aRémond de Saint-Mard, Toussaint$$cBruder von Pierre Rémond de Montmort$$d1682-1757$$2resource",(DE-588)128493046
4,"60017 L $$aWaldkirch, Johann Rudolf von$$d1678-1757$$2resource",(DE-588)128694416
1,"60017 L $$aDechales, Claude-François Milliet$$d1621-1678$$2resource",(DE-588)128696346
1,"60017 L $$aDuval, Valentin$$d1695-1775$$2resource",(DE-588)128756098
1,"1001  L $$aMuykens, Theodor$$d1665-1721$$eAutor$$4aut",(DE-588)128862130
1,60007 L $$aHeinrich Karl$$cPrinz von Preussen$$d1747-1767$$2resource,(DE-588)129202193
5,"60017 L $$aDombes, Louis Auguste de Bourbon$$cPrince de$$2resource",(DE-588)12932082X
16,"1001  L $$aMallet, Jacques André$$d1740-1790$$eAutor$$4aut",(DE-588)129353949
14,"7001  L $$aMallet, Jacques André$$d1740-1790$$eAdressat$$4rcp",(DE-588)129353949
13,"60017 L $$aMallet, Jacques André$$d1740-1790$$2resource",(DE-588)129353949
1,"60017 L $$aHenrion, Nicolas$$d1663-1720$$2resource",(DE-588)129368598
1,"60017 L $$aBraun, Josias Adam$$d1712-1768$$2resource",(DE-588)129390690
3,"60017 L $$aAnisson, Jean$$d1642-1721$$2resource",(DE-588)129466697
4,"60017 L $$aGregory, David$$d1661-1708$$2resource",(DE-588)129551651
1,"60017 L $$aCadogan, William Earl$$d1675-1726$$2resource",(DE-588)129564621
2,"60017 L $$aSenac, Jean Baptiste$$d1693-1770$$2resource",(DE-588)129731811
1,"60017 L $$aHorrebow, Peter$$d1679-1764$$2resource",(DE-588)129767441
1,"60017 L $$aHaddik, Andreas$$cGeneral$$d1710-1790$$2resource",(DE-588)129786578
1,"60017 L $$aFrenicle de Bessy, Bernard$$dca. 1605-1675$$2resource",(DE-588)130064114
4,"7001  L $$aBraun, Johannes$$d1628-1708$$eAdressat$$4rcp",(DE-588)130109363
2,"1001  L $$aBraun, Johannes$$d1628-1708$$eAutor$$4aut",(DE-588)130109363
2,"60017 L $$aBraun, Johannes$$d1628-1708$$2resource",(DE-588)130109363
1,"1001  L $$aJenisch, Philipp Joseph$$d1671-1736$$eAutor$$4aut",(DE-588)130168319
3,"60017 L $$aLa Faye, Jean Lériget de$$d1671-1718$$2resource",(DE-588)130306584
1,"60017 L $$aBouillet, Jean$$d1690-1777$$2resource",(DE-588)130425192
12,"60017 L $$aKlingenstierna, Samuel$$d1698-1765$$2resource",(DE-588)130429856
3,"60017 L $$aElsner, Jakob$$d1692-1750$$2resource",(DE-588)130449903
1,"60017 L $$aBernoulli-Schönauer, Margaretha$$d1628-1673$$2resource",(DE-588)130536431
2,"60017 L $$aMieg, Achilles$$d1731-1799$$2resource",(DE-588)130538795
1,"60007 L $$aKörber, Christian Albrecht$$cMagister in Halle$$d1699-1746?$$2resource",(DE-588)130854182
3,"60017 L $$aBernard, Jacques$$d1658-1718$$2resource",(DE-588)131366858
1,"60017 L $$aHertel, Christian Gottlieb$$d1683-1743$$2resource",(DE-588)131807471
2,"60017 L $$aLally, Thomas Arthur$$cComte de$$d1702-1766$$2resource",(DE-588)132722941
3,"60017 L $$aBertrand, Elie$$d1713-1797$$2resource",(DE-588)132748827
3,"7001  L $$aLa Roque, Jean Paul de$$d1661-1745$$eAdressat$$4rcp",(DE-588)132984245
1,60007 L $$aCarlo Emmanuele$$d1751-1819$$2resource,(DE-588)133035689
3,"60017 L $$aEuler, Paul$$d1670-1745$$2resource",(DE-588)134148347
2,"7001  L $$aBernoulli, Niklaus$$cder Ältere$$d1662-1716$$eAdressat$$4rcp",(DE-588)135542286
2,"60017 L $$aEuler, Christoph$$d1743-1812$$2resource",(DE-588)135923905
1,"60017 L $$aFaesch, Johann Rudolf$$d1680-1762$$2resource",(DE-588)135932947
4,60007 L $$aKönig$$cBruder von Samuel König$$2resource,(DE-588)136121004
1,"60017 L $$aBlarer von Wartensee, Hans$$d1685-1757$$2resource",(DE-588)136305067
66,"1001  L $$aBousquet, Marc-Michel$$d1696-1762$$eAutor$$4aut",(DE-588)136952968
24,"60017 L $$aBousquet, Marc-Michel$$d1696-1762$$2resource",(DE-588)136952968
1,"60017 L $$aGsell, Georg$$d1673-1740$$2resource",(DE-588)136986412
7,"60017 L $$aHuber, Johann Jakob$$d1704-1759$$2resource",(DE-588)137638647
1,"7001  L $$aHuber, Johann Jakob$$d1704-1759$$eAutor$$4aut",(DE-588)137638647
33,"60017 L $$aHuber, Johann Jakob$$d1733-1798$$2resource",(DE-588)13763868X
14,"1001  L $$aHuber, Johann Jakob$$d1733-1798$$eAutor$$4aut",(DE-588)13763868X
13,"7001  L $$aHuber, Johann Jakob$$d1733-1798$$eAdressat$$4rcp",(DE-588)13763868X
1,"7001  L $$aHuber, Johann Jakob$$d1733-1798$$eAnnotator$$4ann",(DE-588)13763868X
3,"60017 L $$aSpleiss, Thomas$$d1705-1775$$2resource",(DE-588)138483922
3,"60017 L $$aHis, Pierre$$cBankier in Hamburg$$d1692-1760$$2resource",(DE-588)138716277
2,"60017 L $$aJallabert, François$$d1740-1798$$2resource",(DE-588)138875073
2,"1001  L $$aBourdelin, Louis-Claude$$d1695-1777$$eAutor$$4aut",(DE-588)139925767
8,"60017 L $$aBourdelin, Louis-Claude$$d1695-1777$$2resource",(DE-588)139925767
2,"60017 L $$aLuyts, Johannes$$d1655-1721$$2resource",(DE-588)139954503
2,"60017 L $$aSteiner, Ludwig$$d1711-1779$$2resource",(DE-588)140259619
32,"60017 L $$aWettstein, Johann Caspar$$d1695-1760$$2resource",(DE-588)140645292
4,"7001  L $$aWettstein, Johann Caspar$$d1695-1760$$eAdressat$$4rcp",(DE-588)140645292
19,"60017 L $$aChrist, Franz$$d1688-1744$$2resource",(DE-588)140736662
11,"1001  L $$aChrist, Franz$$d1688-1744$$eAutor$$4aut",(DE-588)140736662
6,"7001  L $$aChrist, Franz$$d1688-1744$$eAdressat$$4rcp",(DE-588)140736662
2,"60017 L $$aBuxtorf, August Johann$$d1696-1765$$2resource",(DE-588)140737529
2,"60017 L $$aTillet, Mathieu$$d1714-1791$$2resource",(DE-588)14097847X
1,"60017 L $$aBülow, Friedrich Gotthard von$$csächsischer Gesandter in Berlin$$d?-1767$$2resource",(DE-588)141161728
1,60007 L $$aBourgogne$$cDuc de$$d1751-?$$2resource,(DE-588)141452013
9,"60017 L $$aBattier, Johann Christoph$$2resource",(DE-588)141546573
1,"60017 L $$aHayes, Charles$$d1678-1760$$2resource",(DE-588)141595485
2,"60017 L $$aWoronzow, Michel$$d1714-1767$$2resource",(DE-588)142185701
2,"60017 L $$aFritz, Johann Jakob$$d1671-1716$$2resource",(DE-588)142566241
1,"60017 L $$aBeckenstein, Johann Simon$$d1684-1742$$2resource",(DE-588)142873861
1,"60017 L $$aCadet, Louis Claude$$d1731-1799$$2resource",(DE-588)143029967
2,"60017 L $$aLa Chetardie, Joachim Trotti de$$d1705-1759$$2resource",(DE-588)143441914
14,"60017 L $$aPemberton, Henry$$d1694-1771$$2resource",(DE-588)143687417
1,"1001  L $$aPemberton, Henry$$d1694-1771$$eAutor$$4aut",(DE-588)143687417
6,"60017 L $$aSallier, Claude$$d1685-1761$$2resource",(DE-588)143976079
6,"60017 L $$aMeckel, Johann Friedrich$$d1714-1774$$2resource",(DE-588)172253691
52,"1001  L $$aMerian, Johann Bernhard$$d1723-1807$$eAutor$$4aut",(DE-588)172811724
37,"60017 L $$aMerian, Johann Bernhard$$d1723-1807$$2resource",(DE-588)172811724
